instance_id,origin_city,destination_city,si_baseline_time_s,ext_baseline_time_s,time_difference_s,absolute_time_difference_s,relative_time_difference,si_fastest_distance_m,ext_fastest_distance_m,si_shortest_distance_m,ext_shortest_distance_m,route_osm_node_jaccard,original_route_node_fraction_retained,route_osm_edge_jaccard,original_route_edge_fraction_retained,material_time_change,route_topology_changed,route_seconds,origin_snap_geodesic_m,origin_snap_delta_m,origin_osm_node_id,destination_snap_geodesic_m,destination_snap_delta_m,destination_osm_node_id,dataset_sha256,graph_nodes_sha256,graph_edges_sha256,routing_config_sha256,od_instances_sha256
0,Piran,Murska_Sobota,10653.424915220778,10653.424915220778,0.0,0.0,0.0,298440.884,298440.884,286873.5650000007,286035.1200000007,1.0,1.0,1.0,1.0,False,False,2.7217023769626394,27.597163462194047,0.0,289532395,45.810977842057916,0.0,11687528452,e10a5d4bb2a927d1bdcf21a41d30971a9301a82e08656c0419ef45e3f92de7a7,7424eea357d98b54c4652062440a1d287d509f1b7250f7eabbcc5185cde923b5,37f0f75e71de97e0b045d53af23b181e034e6c3262a1a4079d582f37471bb1b8,373bc096448cdc507d5c00c27fc9560494f830151f5b976fd48b7ebb576c2024,cc4d532031d8b49a2bf7090f5ab4c8693f9b28e9449ac04ec1b81bdaf48362b1
1,Koper,Murska_Sobota,9989.522978077923,9989.522978077923,0.0,0.0,0.0,287948.65300000005,287948.65300000005,276777.27200000023,275938.8270000002,1.0,1.0,1.0,1.0,False,False,2.4493304680800065,821.5373038660332,0.0,1640456983,62.5661160534106,0.0,3823414245,e10a5d4bb2a927d1bdcf21a41d30971a9301a82e08656c0419ef45e3f92de7a7,7424eea357d98b54c4652062440a1d287d509f1b7250f7eabbcc5185cde923b5,37f0f75e71de97e0b045d53af23b181e034e6c3262a1a4079d582f37471bb1b8,373bc096448cdc507d5c00c27fc9560494f830151f5b976fd48b7ebb576c2024,cc4d532031d8b49a2bf7090f5ab4c8693f9b28e9449ac04ec1b81bdaf48362b1
2,Ljubljana,Slovenj_Gradec,4671.586045714286,4671.586045714286,0.0,0.0,0.0,106920.023,106920.023,96522.12399999988,96522.12399999988,1.0,1.0,1.0,1.0,False,False,1.1301277260063216,298.8891297715832,0.0,476283362,106.9572364443012,0.0,2497925445,e10a5d4bb2a927d1bdcf21a41d30971a9301a82e08656c0419ef45e3f92de7a7,7424eea357d98b54c4652062440a1d287d509f1b7250f7eabbcc5185cde923b5,37f0f75e71de97e0b045d53af23b181e034e6c3262a1a4079d582f37471bb1b8,373bc096448cdc507d5c00c27fc9560494f830151f5b976fd48b7ebb576c2024,cc4d532031d8b49a2bf7090f5ab4c8693f9b28e9449ac04ec1b81bdaf48362b1
3,Slovenj_Gradec,Ptuj,4163.408134012987,4163.408134012987,0.0,0.0,0.0,87554.25899999999,87554.25899999999,78368.83499999996,78368.83499999996,1.0,1.0,1.0,1.0,False,False,0.5449089929461479,41.26919006116746,0.0,2391530469,37.636267034603684,0.0,1842938189,e10a5d4bb2a927d1bdcf21a41d30971a9301a82e08656c0419ef45e3f92de7a7,7424eea357d98b54c4652062440a1d287d509f1b7250f7eabbcc5185cde923b5,37f0f75e71de97e0b045d53af23b181e034e6c3262a1a4079d582f37471bb1b8,373bc096448cdc507d5c00c27fc9560494f830151f5b976fd48b7ebb576c2024,cc4d532031d8b49a2bf7090f5ab4c8693f9b28e9449ac04ec1b81bdaf48362b1
4,Novo_mesto,Murska_Sobota,8332.083717272728,8067.340877610389,-264.74283966233907,264.74283966233907,-0.031773905381377414,189720.262,198172.898,156103.82100000014,156103.82100000014,0.17083854818523153,0.28122585629667785,0.17052565707133918,0.2807831014940752,True,True,2.1991070659132674,110.4173946727238,0.0,4763862232,404.3000964673354,0.0,3118643761,e10a5d4bb2a927d1bdcf21a41d30971a9301a82e08656c0419ef45e3f92de7a7,7424eea357d98b54c4652062440a1d287d509f1b7250f7eabbcc5185cde923b5,37f0f75e71de97e0b045d53af23b181e034e6c3262a1a4079d582f37471bb1b8,373bc096448cdc507d5c00c27fc9560494f830151f5b976fd48b7ebb576c2024,cc4d532031d8b49a2bf7090f5ab4c8693f9b28e9449ac04ec1b81bdaf48362b1
5,Novo_mesto,Slovenj_Gradec,6697.248371532468,6697.248371532468,0.0,0.0,0.0,166154.689,166154.689,113893.5869999999,113893.5869999999,1.0,1.0,1.0,1.0,False,False,1.734562425990589,22.774232198003183,0.0,2929723229,29.048782510632492,0.0,7104492933,e10a5d4bb2a927d1bdcf21a41d30971a9301a82e08656c0419ef45e3f92de7a7,7424eea357d98b54c4652062440a1d287d509f1b7250f7eabbcc5185cde923b5,37f0f75e71de97e0b045d53af23b181e034e6c3262a1a4079d582f37471bb1b8,373bc096448cdc507d5c00c27fc9560494f830151f5b976fd48b7ebb576c2024,cc4d532031d8b49a2bf7090f5ab4c8693f9b28e9449ac04ec1b81bdaf48362b1
6,Postojna,Kranj,2942.107739571429,2942.107739571429,0.0,0.0,0.0,78703.40400000001,78703.40400000001,70735.79700000002,70735.79700000002,1.0,1.0,1.0,1.0,False,False,0.43269547005183995,5.3737554535078695,0.0,5196829887,124.83090897402838,0.0,69152752,e10a5d4bb2a927d1bdcf21a41d30971a9301a82e08656c0419ef45e3f92de7a7,7424eea357d98b54c4652062440a1d287d509f1b7250f7eabbcc5185cde923b5,37f0f75e71de97e0b045d53af23b181e034e6c3262a1a4079d582f37471bb1b8,373bc096448cdc507d5c00c27fc9560494f830151f5b976fd48b7ebb576c2024,cc4d532031d8b49a2bf7090f5ab4c8693f9b28e9449ac04ec1b81bdaf48362b1
7,Postojna,Celje,4667.105651259741,4667.105651259741,0.0,0.0,0.0,132110.976,132110.976,122756.65900000001,122756.65900000001,1.0,1.0,1.0,1.0,False,False,0.8482161370338872,11.545385539470015,0.0,5199234798,48.45338915522434,0.0,4814789314,e10a5d4bb2a927d1bdcf21a41d30971a9301a82e08656c0419ef45e3f92de7a7,7424eea357d98b54c4652062440a1d287d509f1b7250f7eabbcc5185cde923b5,37f0f75e71de97e0b045d53af23b181e034e6c3262a1a4079d582f37471bb1b8,373bc096448cdc507d5c00c27fc9560494f830151f5b976fd48b7ebb576c2024,cc4d532031d8b49a2bf7090f5ab4c8693f9b28e9449ac04ec1b81bdaf48362b1
8,Murska_Sobota,Postojna,8118.190117285714,8118.190117285714,0.0,0.0,0.0,232885.619,232885.619,217818.09599999993,217818.09599999993,1.0,1.0,1.0,1.0,False,False,2.045131185906939,13.348399461510192,0.0,12650075219,460.9957533894841,0.0,2498107937,e10a5d4bb2a927d1bdcf21a41d30971a9301a82e08656c0419ef45e3f92de7a7,7424eea357d98b54c4652062440a1d287d509f1b7250f7eabbcc5185cde923b5,37f0f75e71de97e0b045d53af23b181e034e6c3262a1a4079d582f37471bb1b8,373bc096448cdc507d5c00c27fc9560494f830151f5b976fd48b7ebb576c2024,cc4d532031d8b49a2bf7090f5ab4c8693f9b28e9449ac04ec1b81bdaf48362b1
9,Maribor,Nova_Gorica,8534.699426974026,8534.699426974026,0.0,0.0,0.0,236367.85100000002,236367.85100000002,211828.05999999968,211828.05999999968,1.0,1.0,1.0,1.0,False,False,2.63437302201055,7.8149979183300875,0.0,292790920,5.589417069015961,0.0,8388119715,e10a5d4bb2a927d1bdcf21a41d30971a9301a82e08656c0419ef45e3f92de7a7,7424eea357d98b54c4652062440a1d287d509f1b7250f7eabbcc5185cde923b5,37f0f75e71de97e0b045d53af23b181e034e6c3262a1a4079d582f37471bb1b8,373bc096448cdc507d5c00c27fc9560494f830151f5b976fd48b7ebb576c2024,cc4d532031d8b49a2bf7090f5ab4c8693f9b28e9449ac04ec1b81bdaf48362b1
10,Murska_Sobota,Bled,8095.051208025974,8095.051208025974,0.0,0.0,0.0,214813.961,214813.961,200792.42700000017,200792.42700000017,1.0,1.0,1.0,1.0,False,False,2.0888628410175443,19.457048140698785,0.0,1418477967,8.33052485753102,0.0,5102097340,e10a5d4bb2a927d1bdcf21a41d30971a9301a82e08656c0419ef45e3f92de7a7,7424eea357d98b54c4652062440a1d287d509f1b7250f7eabbcc5185cde923b5,37f0f75e71de97e0b045d53af23b181e034e6c3262a1a4079d582f37471bb1b8,373bc096448cdc507d5c00c27fc9560494f830151f5b976fd48b7ebb576c2024,cc4d532031d8b49a2bf7090f5ab4c8693f9b28e9449ac04ec1b81bdaf48362b1
11,Koper,Maribor,8288.688440909093,8288.688440909093,0.0,0.0,0.0,236323.01499999998,236323.01499999998,231550.94999999987,230712.50499999992,1.0,1.0,1.0,1.0,False,False,1.8352129850536585,19.728544455071383,0.0,9356733831,12.253031559464272,0.0,12674281954,e10a5d4bb2a927d1bdcf21a41d30971a9301a82e08656c0419ef45e3f92de7a7,7424eea357d98b54c4652062440a1d287d509f1b7250f7eabbcc5185cde923b5,37f0f75e71de97e0b045d53af23b181e034e6c3262a1a4079d582f37471bb1b8,373bc096448cdc507d5c00c27fc9560494f830151f5b976fd48b7ebb576c2024,cc4d532031d8b49a2bf7090f5ab4c8693f9b28e9449ac04ec1b81bdaf48362b1
12,Bled,Postojna,3652.3423711948053,3652.3423711948053,0.0,0.0,0.0,101436.666,101436.666,92109.32200000015,92109.32200000015,1.0,1.0,1.0,1.0,False,False,0.5157572099706158,134.3877200249591,0.0,4398282000,250.33274848163694,0.0,1692227426,e10a5d4bb2a927d1bdcf21a41d30971a9301a82e08656c0419ef45e3f92de7a7,7424eea357d98b54c4652062440a1d287d509f1b7250f7eabbcc5185cde923b5,37f0f75e71de97e0b045d53af23b181e034e6c3262a1a4079d582f37471bb1b8,373bc096448cdc507d5c00c27fc9560494f830151f5b976fd48b7ebb576c2024,cc4d532031d8b49a2bf7090f5ab4c8693f9b28e9449ac04ec1b81bdaf48362b1
13,Celje,Novo_mesto,4620.61544664935,4620.61544664935,0.0,0.0,0.0,85922.603,85922.603,73307.63200000004,73307.63200000004,1.0,1.0,1.0,1.0,False,False,1.0969054179731756,1.8847580417009198,0.0,3205074172,84.88380199012298,0.0,10078395816,e10a5d4bb2a927d1bdcf21a41d30971a9301a82e08656c0419ef45e3f92de7a7,7424eea357d98b54c4652062440a1d287d509f1b7250f7eabbcc5185cde923b5,37f0f75e71de97e0b045d53af23b181e034e6c3262a1a4079d582f37471bb1b8,373bc096448cdc507d5c00c27fc9560494f830151f5b976fd48b7ebb576c2024,cc4d532031d8b49a2bf7090f5ab4c8693f9b28e9449ac04ec1b81bdaf48362b1
14,Murska_Sobota,Maribor,2194.218641831169,2194.218641831169,0.0,0.0,0.0,55189.375,55189.375,51355.352000000035,51355.352000000035,1.0,1.0,1.0,1.0,False,False,0.30776940495707095,168.17270548026292,0.0,12092892481,2.2544725213360692,0.0,313733344,e10a5d4bb2a927d1bdcf21a41d30971a9301a82e08656c0419ef45e3f92de7a7,7424eea357d98b54c4652062440a1d287d509f1b7250f7eabbcc5185cde923b5,37f0f75e71de97e0b045d53af23b181e034e6c3262a1a4079d582f37471bb1b8,373bc096448cdc507d5c00c27fc9560494f830151f5b976fd48b7ebb576c2024,cc4d532031d8b49a2bf7090f5ab4c8693f9b28e9449ac04ec1b81bdaf48362b1
15,Bled,Koper,5498.757500909091,5498.757500909091,0.0,0.0,0.0,154616.625,154616.625,151458.89599999966,151054.92699999973,1.0,1.0,1.0,1.0,False,False,0.9205484610283747,126.97531225536014,0.0,8758775117,14.3223214701784,0.0,1313773888,e10a5d4bb2a927d1bdcf21a41d30971a9301a82e08656c0419ef45e3f92de7a7,7424eea357d98b54c4652062440a1d287d509f1b7250f7eabbcc5185cde923b5,37f0f75e71de97e0b045d53af23b181e034e6c3262a1a4079d582f37471bb1b8,373bc096448cdc507d5c00c27fc9560494f830151f5b976fd48b7ebb576c2024,cc4d532031d8b49a2bf7090f5ab4c8693f9b28e9449ac04ec1b81bdaf48362b1
16,Koper,Ptuj,8641.235027545454,8641.235027545454,0.0,0.0,0.0,243286.187,243286.187,233502.85200000022,232664.40700000027,1.0,1.0,1.0,1.0,False,False,1.9026644229888916,75.6448406894364,0.0,1640468963,93.40125761977212,0.0,5182326578,e10a5d4bb2a927d1bdcf21a41d30971a9301a82e08656c0419ef45e3f92de7a7,7424eea357d98b54c4652062440a1d287d509f1b7250f7eabbcc5185cde923b5,37f0f75e71de97e0b045d53af23b181e034e6c3262a1a4079d582f37471bb1b8,373bc096448cdc507d5c00c27fc9560494f830151f5b976fd48b7ebb576c2024,cc4d532031d8b49a2bf7090f5ab4c8693f9b28e9449ac04ec1b81bdaf48362b1
17,Ptuj,Velenje,3601.445623714286,3601.445623714286,0.0,0.0,0.0,79051.0,79051.0,72556.25600000002,72556.25600000002,1.0,1.0,1.0,1.0,False,False,0.6523834059480578,31.837211121827604,0.0,5066609331,79.823725047047,0.0,8044032455,e10a5d4bb2a927d1bdcf21a41d30971a9301a82e08656c0419ef45e3f92de7a7,7424eea357d98b54c4652062440a1d287d509f1b7250f7eabbcc5185cde923b5,37f0f75e71de97e0b045d53af23b181e034e6c3262a1a4079d582f37471bb1b8,373bc096448cdc507d5c00c27fc9560494f830151f5b976fd48b7ebb576c2024,cc4d532031d8b49a2bf7090f5ab4c8693f9b28e9449ac04ec1b81bdaf48362b1
18,Celje,Nova_Gorica,6917.733054805195,6917.733054805195,0.0,0.0,0.0,187422.53399999999,187422.53399999999,160062.12099999952,160062.12099999952,1.0,1.0,1.0,1.0,False,False,2.15370028198231,17.26539041170144,0.0,60840966,11.279573346488881,0.0,1353397863,e10a5d4bb2a927d1bdcf21a41d30971a9301a82e08656c0419ef45e3f92de7a7,7424eea357d98b54c4652062440a1d287d509f1b7250f7eabbcc5185cde923b5,37f0f75e71de97e0b045d53af23b181e034e6c3262a1a4079d582f37471bb1b8,373bc096448cdc507d5c00c27fc9560494f830151f5b976fd48b7ebb576c2024,cc4d532031d8b49a2bf7090f5ab4c8693f9b28e9449ac04ec1b81bdaf48362b1
19,Piran,Murska_Sobota,10950.25063664935,10950.25063664935,0.0,0.0,0.0,301767.489,301767.489,290267.8670000009,289429.4220000006,1.0,1.0,1.0,1.0,False,False,2.4539291269611567,1467.1527119528416,0.0,2689099861,139.51354685753762,0.0,1320479442,e10a5d4bb2a927d1bdcf21a41d30971a9301a82e08656c0419ef45e3f92de7a7,7424eea357d98b54c4652062440a1d287d509f1b7250f7eabbcc5185cde923b5,37f0f75e71de97e0b045d53af23b181e034e6c3262a1a4079d582f37471bb1b8,373bc096448cdc507d5c00c27fc9560494f830151f5b976fd48b7ebb576c2024,cc4d532031d8b49a2bf7090f5ab4c8693f9b28e9449ac04ec1b81bdaf48362b1
20,Ljubljana,Novo_mesto,2598.9966687272727,2598.9966687272727,0.0,0.0,0.0,65752.03199999999,65752.03199999999,65746.401,65746.401,1.0,1.0,1.0,1.0,False,False,0.4179281449178234,15.374540256705666,0.0,9106192745,244.30104482236257,0.0,2627374646,e10a5d4bb2a927d1bdcf21a41d30971a9301a82e08656c0419ef45e3f92de7a7,7424eea357d98b54c4652062440a1d287d509f1b7250f7eabbcc5185cde923b5,37f0f75e71de97e0b045d53af23b181e034e6c3262a1a4079d582f37471bb1b8,373bc096448cdc507d5c00c27fc9560494f830151f5b976fd48b7ebb576c2024,cc4d532031d8b49a2bf7090f5ab4c8693f9b28e9449ac04ec1b81bdaf48362b1
21,Nova_Gorica,Bled,6400.9742501688315,6266.7940147402605,-134.180235428571,134.180235428571,-0.020962470740298927,159486.79499999998,157616.38899999997,106726.50800000007,106726.50800000007,0.9034776437189496,0.9387905604719764,0.9027679205110007,0.9383991147178163,True,True,0.9984981419984251,12.988875753404564,0.0,276927840,39.65075574351531,0.0,2283478062,e10a5d4bb2a927d1bdcf21a41d30971a9301a82e08656c0419ef45e3f92de7a7,7424eea357d98b54c4652062440a1d287d509f1b7250f7eabbcc5185cde923b5,37f0f75e71de97e0b045d53af23b181e034e6c3262a1a4079d582f37471bb1b8,373bc096448cdc507d5c00c27fc9560494f830151f5b976fd48b7ebb576c2024,cc4d532031d8b49a2bf7090f5ab4c8693f9b28e9449ac04ec1b81bdaf48362b1
22,Nova_Gorica,Maribor,8987.138419064935,8987.138419064935,0.0,0.0,0.0,238696.868,238696.868,210288.51100000046,210288.51100000046,1.0,1.0,1.0,1.0,False,False,1.7470463090576231,56.69569929221801,0.0,12565300339,31.74592720058388,0.0,811225576,e10a5d4bb2a927d1bdcf21a41d30971a9301a82e08656c0419ef45e3f92de7a7,7424eea357d98b54c4652062440a1d287d509f1b7250f7eabbcc5185cde923b5,37f0f75e71de97e0b045d53af23b181e034e6c3262a1a4079d582f37471bb1b8,373bc096448cdc507d5c00c27fc9560494f830151f5b976fd48b7ebb576c2024,cc4d532031d8b49a2bf7090f5ab4c8693f9b28e9449ac04ec1b81bdaf48362b1
23,Piran,Slovenj_Gradec,9194.941146285713,9194.941146285713,0.0,0.0,0.0,228988.01900000003,228988.01900000003,215390.83399999927,214552.38899999938,1.0,1.0,1.0,1.0,False,False,1.7568094789749011,1677.0927578804854,0.0,5194834160,230.52001401841827,0.0,6616047177,e10a5d4bb2a927d1bdcf21a41d30971a9301a82e08656c0419ef45e3f92de7a7,7424eea357d98b54c4652062440a1d287d509f1b7250f7eabbcc5185cde923b5,37f0f75e71de97e0b045d53af23b181e034e6c3262a1a4079d582f37471bb1b8,373bc096448cdc507d5c00c27fc9560494f830151f5b976fd48b7ebb576c2024,cc4d532031d8b49a2bf7090f5ab4c8693f9b28e9449ac04ec1b81bdaf48362b1
24,Postojna,Slovenj_Gradec,6374.824381051948,6374.824381051948,0.0,0.0,0.0,161056.69,161056.69,142909.27600000013,142909.27600000013,1.0,1.0,1.0,1.0,False,False,1.6414517980301753,55.13428256131737,0.0,5745251117,50.38959416839015,0.0,6380647052,e10a5d4bb2a927d1bdcf21a41d30971a9301a82e08656c0419ef45e3f92de7a7,7424eea357d98b54c4652062440a1d287d509f1b7250f7eabbcc5185cde923b5,37f0f75e71de97e0b045d53af23b181e034e6c3262a1a4079d582f37471bb1b8,373bc096448cdc507d5c00c27fc9560494f830151f5b976fd48b7ebb576c2024,cc4d532031d8b49a2bf7090f5ab4c8693f9b28e9449ac04ec1b81bdaf48362b1
25,Kranj,Slovenj_Gradec,5796.55002148052,5796.55002148052,0.0,0.0,0.0,121238.92700000001,121238.92700000001,101223.55600000036,101223.55600000036,1.0,1.0,1.0,1.0,False,False,1.2859859520103782,81.51706455250947,0.0,1639728058,7.440871485028123,0.0,9516637237,e10a5d4bb2a927d1bdcf21a41d30971a9301a82e08656c0419ef45e3f92de7a7,7424eea357d98b54c4652062440a1d287d509f1b7250f7eabbcc5185cde923b5,37f0f75e71de97e0b045d53af23b181e034e6c3262a1a4079d582f37471bb1b8,373bc096448cdc507d5c00c27fc9560494f830151f5b976fd48b7ebb576c2024,cc4d532031d8b49a2bf7090f5ab4c8693f9b28e9449ac04ec1b81bdaf48362b1
26,Koper,Novo_mesto,5977.325082454545,5977.325082454545,0.0,0.0,0.0,169008.992,169008.992,159506.10900000008,158667.66400000014,1.0,1.0,1.0,1.0,False,False,1.0149544239975512,14.527730201163967,0.0,1638500502,46.439258668608346,0.0,1787307955,e10a5d4bb2a927d1bdcf21a41d30971a9301a82e08656c0419ef45e3f92de7a7,7424eea357d98b54c4652062440a1d287d509f1b7250f7eabbcc5185cde923b5,37f0f75e71de97e0b045d53af23b181e034e6c3262a1a4079d582f37471bb1b8,373bc096448cdc507d5c00c27fc9560494f830151f5b976fd48b7ebb576c2024,cc4d532031d8b49a2bf7090f5ab4c8693f9b28e9449ac04ec1b81bdaf48362b1
27,Celje,Ljubljana,2889.2880801818183,2889.2880801818183,0.0,0.0,0.0,76551.278,76551.278,72672.21300000006,72672.21300000006,1.0,1.0,1.0,1.0,False,False,0.5023074999917299,52.0609851856762,0.0,2886073691,10.31831289644833,0.0,10006267114,e10a5d4bb2a927d1bdcf21a41d30971a9301a82e08656c0419ef45e3f92de7a7,7424eea357d98b54c4652062440a1d287d509f1b7250f7eabbcc5185cde923b5,37f0f75e71de97e0b045d53af23b181e034e6c3262a1a4079d582f37471bb1b8,373bc096448cdc507d5c00c27fc9560494f830151f5b976fd48b7ebb576c2024,cc4d532031d8b49a2bf7090f5ab4c8693f9b28e9449ac04ec1b81bdaf48362b1
28,Celje,Maribor,2365.9188525974027,2365.9188525974027,0.0,0.0,0.0,59642.853,59642.853,57144.249,57144.249,1.0,1.0,1.0,1.0,False,False,0.374289867002517,6.317871190108699,0.0,69012643,112.57615932664177,0.0,1666945292,e10a5d4bb2a927d1bdcf21a41d30971a9301a82e08656c0419ef45e3f92de7a7,7424eea357d98b54c4652062440a1d287d509f1b7250f7eabbcc5185cde923b5,37f0f75e71de97e0b045d53af23b181e034e6c3262a1a4079d582f37471bb1b8,373bc096448cdc507d5c00c27fc9560494f830151f5b976fd48b7ebb576c2024,cc4d532031d8b49a2bf7090f5ab4c8693f9b28e9449ac04ec1b81bdaf48362b1
29,Koper,Celje,6424.177123064936,6424.177123064936,0.0,0.0,0.0,184470.6,184470.6,179487.32400000002,178163.08300000007,1.0,1.0,1.0,1.0,False,False,1.1609535900643095,1436.4192649259244,0.0,12506971198,21.00204369214382,0.0,4846911975,e10a5d4bb2a927d1bdcf21a41d30971a9301a82e08656c0419ef45e3f92de7a7,7424eea357d98b54c4652062440a1d287d509f1b7250f7eabbcc5185cde923b5,37f0f75e71de97e0b045d53af23b181e034e6c3262a1a4079d582f37471bb1b8,373bc096448cdc507d5c00c27fc9560494f830151f5b976fd48b7ebb576c2024,cc4d532031d8b49a2bf7090f5ab4c8693f9b28e9449ac04ec1b81bdaf48362b1
