instance_id,forward_seconds,reverse_seconds,lower_bound_seconds,precomputed_bytes,dataset_sha256,graph_nodes_sha256,graph_edges_sha256,routing_config_sha256,od_instances_sha256
0,3.805092365015298,3.6976893990067765,0.1223611650057137,233908488,e10a5d4bb2a927d1bdcf21a41d30971a9301a82e08656c0419ef45e3f92de7a7,7424eea357d98b54c4652062440a1d287d509f1b7250f7eabbcc5185cde923b5,37f0f75e71de97e0b045d53af23b181e034e6c3262a1a4079d582f37471bb1b8,373bc096448cdc507d5c00c27fc9560494f830151f5b976fd48b7ebb576c2024,cc4d532031d8b49a2bf7090f5ab4c8693f9b28e9449ac04ec1b81bdaf48362b1
1,3.439984802971594,3.5411466639488935,0.12282001902349293,233908488,e10a5d4bb2a927d1bdcf21a41d30971a9301a82e08656c0419ef45e3f92de7a7,7424eea357d98b54c4652062440a1d287d509f1b7250f7eabbcc5185cde923b5,37f0f75e71de97e0b045d53af23b181e034e6c3262a1a4079d582f37471bb1b8,373bc096448cdc507d5c00c27fc9560494f830151f5b976fd48b7ebb576c2024,cc4d532031d8b49a2bf7090f5ab4c8693f9b28e9449ac04ec1b81bdaf48362b1
2,3.545633999048732,3.598119207075797,0.12275115610100329,233908488,e10a5d4bb2a927d1bdcf21a41d30971a9301a82e08656c0419ef45e3f92de7a7,7424eea357d98b54c4652062440a1d287d509f1b7250f7eabbcc5185cde923b5,37f0f75e71de97e0b045d53af23b181e034e6c3262a1a4079d582f37471bb1b8,373bc096448cdc507d5c00c27fc9560494f830151f5b976fd48b7ebb576c2024,cc4d532031d8b49a2bf7090f5ab4c8693f9b28e9449ac04ec1b81bdaf48362b1
3,3.5744331559399143,3.5972687570611015,0.12302807404194027,233908488,e10a5d4bb2a927d1bdcf21a41d30971a9301a82e08656c0419ef45e3f92de7a7,7424eea357d98b54c4652062440a1d287d509f1b7250f7eabbcc5185cde923b5,37f0f75e71de97e0b045d53af23b181e034e6c3262a1a4079d582f37471bb1b8,373bc096448cdc507d5c00c27fc9560494f830151f5b976fd48b7ebb576c2024,cc4d532031d8b49a2bf7090f5ab4c8693f9b28e9449ac04ec1b81bdaf48362b1
4,3.5383311070036143,3.5280072569148615,0.12351381592452526,233908488,e10a5d4bb2a927d1bdcf21a41d30971a9301a82e08656c0419ef45e3f92de7a7,7424eea357d98b54c4652062440a1d287d509f1b7250f7eabbcc5185cde923b5,37f0f75e71de97e0b045d53af23b181e034e6c3262a1a4079d582f37471bb1b8,373bc096448cdc507d5c00c27fc9560494f830151f5b976fd48b7ebb576c2024,cc4d532031d8b49a2bf7090f5ab4c8693f9b28e9449ac04ec1b81bdaf48362b1
5,3.512107743998058,3.6067538199713454,0.12287009402643889,233908488,e10a5d4bb2a927d1bdcf21a41d30971a9301a82e08656c0419ef45e3f92de7a7,7424eea357d98b54c4652062440a1d287d509f1b7250f7eabbcc5185cde923b5,37f0f75e71de97e0b045d53af23b181e034e6c3262a1a4079d582f37471bb1b8,373bc096448cdc507d5c00c27fc9560494f830151f5b976fd48b7ebb576c2024,cc4d532031d8b49a2bf7090f5ab4c8693f9b28e9449ac04ec1b81bdaf48362b1
6,3.5058845900930464,3.617774960002862,0.12349858996458352,233908488,e10a5d4bb2a927d1bdcf21a41d30971a9301a82e08656c0419ef45e3f92de7a7,7424eea357d98b54c4652062440a1d287d509f1b7250f7eabbcc5185cde923b5,37f0f75e71de97e0b045d53af23b181e034e6c3262a1a4079d582f37471bb1b8,373bc096448cdc507d5c00c27fc9560494f830151f5b976fd48b7ebb576c2024,cc4d532031d8b49a2bf7090f5ab4c8693f9b28e9449ac04ec1b81bdaf48362b1
7,3.503897133981809,3.660404458991252,0.12293665297329426,233908488,e10a5d4bb2a927d1bdcf21a41d30971a9301a82e08656c0419ef45e3f92de7a7,7424eea357d98b54c4652062440a1d287d509f1b7250f7eabbcc5185cde923b5,37f0f75e71de97e0b045d53af23b181e034e6c3262a1a4079d582f37471bb1b8,373bc096448cdc507d5c00c27fc9560494f830151f5b976fd48b7ebb576c2024,cc4d532031d8b49a2bf7090f5ab4c8693f9b28e9449ac04ec1b81bdaf48362b1
8,3.4462355449795723,3.6449160990305245,0.12347093399148434,233908488,e10a5d4bb2a927d1bdcf21a41d30971a9301a82e08656c0419ef45e3f92de7a7,7424eea357d98b54c4652062440a1d287d509f1b7250f7eabbcc5185cde923b5,37f0f75e71de97e0b045d53af23b181e034e6c3262a1a4079d582f37471bb1b8,373bc096448cdc507d5c00c27fc9560494f830151f5b976fd48b7ebb576c2024,cc4d532031d8b49a2bf7090f5ab4c8693f9b28e9449ac04ec1b81bdaf48362b1
9,3.5066471110330895,3.6372957120183855,0.12323989998549223,233908488,e10a5d4bb2a927d1bdcf21a41d30971a9301a82e08656c0419ef45e3f92de7a7,7424eea357d98b54c4652062440a1d287d509f1b7250f7eabbcc5185cde923b5,37f0f75e71de97e0b045d53af23b181e034e6c3262a1a4079d582f37471bb1b8,373bc096448cdc507d5c00c27fc9560494f830151f5b976fd48b7ebb576c2024,cc4d532031d8b49a2bf7090f5ab4c8693f9b28e9449ac04ec1b81bdaf48362b1
10,3.5342836999334395,3.655468957964331,0.12453139503486454,233908488,e10a5d4bb2a927d1bdcf21a41d30971a9301a82e08656c0419ef45e3f92de7a7,7424eea357d98b54c4652062440a1d287d509f1b7250f7eabbcc5185cde923b5,37f0f75e71de97e0b045d53af23b181e034e6c3262a1a4079d582f37471bb1b8,373bc096448cdc507d5c00c27fc9560494f830151f5b976fd48b7ebb576c2024,cc4d532031d8b49a2bf7090f5ab4c8693f9b28e9449ac04ec1b81bdaf48362b1
11,3.47630126203876,3.6257433641003445,0.12321035796776414,233908488,e10a5d4bb2a927d1bdcf21a41d30971a9301a82e08656c0419ef45e3f92de7a7,7424eea357d98b54c4652062440a1d287d509f1b7250f7eabbcc5185cde923b5,37f0f75e71de97e0b045d53af23b181e034e6c3262a1a4079d582f37471bb1b8,373bc096448cdc507d5c00c27fc9560494f830151f5b976fd48b7ebb576c2024,cc4d532031d8b49a2bf7090f5ab4c8693f9b28e9449ac04ec1b81bdaf48362b1
12,3.5353849480161443,3.666198652004823,0.12314107595011592,233908488,e10a5d4bb2a927d1bdcf21a41d30971a9301a82e08656c0419ef45e3f92de7a7,7424eea357d98b54c4652062440a1d287d509f1b7250f7eabbcc5185cde923b5,37f0f75e71de97e0b045d53af23b181e034e6c3262a1a4079d582f37471bb1b8,373bc096448cdc507d5c00c27fc9560494f830151f5b976fd48b7ebb576c2024,cc4d532031d8b49a2bf7090f5ab4c8693f9b28e9449ac04ec1b81bdaf48362b1
13,3.5449644359759986,3.5927343500079587,0.12236332998145372,233908488,e10a5d4bb2a927d1bdcf21a41d30971a9301a82e08656c0419ef45e3f92de7a7,7424eea357d98b54c4652062440a1d287d509f1b7250f7eabbcc5185cde923b5,37f0f75e71de97e0b045d53af23b181e034e6c3262a1a4079d582f37471bb1b8,373bc096448cdc507d5c00c27fc9560494f830151f5b976fd48b7ebb576c2024,cc4d532031d8b49a2bf7090f5ab4c8693f9b28e9449ac04ec1b81bdaf48362b1
14,3.4668897399678826,3.6305383460130543,0.12338936002925038,233908488,e10a5d4bb2a927d1bdcf21a41d30971a9301a82e08656c0419ef45e3f92de7a7,7424eea357d98b54c4652062440a1d287d509f1b7250f7eabbcc5185cde923b5,37f0f75e71de97e0b045d53af23b181e034e6c3262a1a4079d582f37471bb1b8,373bc096448cdc507d5c00c27fc9560494f830151f5b976fd48b7ebb576c2024,cc4d532031d8b49a2bf7090f5ab4c8693f9b28e9449ac04ec1b81bdaf48362b1
15,3.5426320370752364,3.613510836963542,0.12363526900298893,233908488,e10a5d4bb2a927d1bdcf21a41d30971a9301a82e08656c0419ef45e3f92de7a7,7424eea357d98b54c4652062440a1d287d509f1b7250f7eabbcc5185cde923b5,37f0f75e71de97e0b045d53af23b181e034e6c3262a1a4079d582f37471bb1b8,373bc096448cdc507d5c00c27fc9560494f830151f5b976fd48b7ebb576c2024,cc4d532031d8b49a2bf7090f5ab4c8693f9b28e9449ac04ec1b81bdaf48362b1
16,3.486024062964134,3.586001776973717,0.12340996298007667,233908488,e10a5d4bb2a927d1bdcf21a41d30971a9301a82e08656c0419ef45e3f92de7a7,7424eea357d98b54c4652062440a1d287d509f1b7250f7eabbcc5185cde923b5,37f0f75e71de97e0b045d53af23b181e034e6c3262a1a4079d582f37471bb1b8,373bc096448cdc507d5c00c27fc9560494f830151f5b976fd48b7ebb576c2024,cc4d532031d8b49a2bf7090f5ab4c8693f9b28e9449ac04ec1b81bdaf48362b1
17,3.480398186016828,3.6447873830329627,0.12357723095919937,233908488,e10a5d4bb2a927d1bdcf21a41d30971a9301a82e08656c0419ef45e3f92de7a7,7424eea357d98b54c4652062440a1d287d509f1b7250f7eabbcc5185cde923b5,37f0f75e71de97e0b045d53af23b181e034e6c3262a1a4079d582f37471bb1b8,373bc096448cdc507d5c00c27fc9560494f830151f5b976fd48b7ebb576c2024,cc4d532031d8b49a2bf7090f5ab4c8693f9b28e9449ac04ec1b81bdaf48362b1
18,3.531963802059181,3.5926196709042415,0.12344083201605827,233908488,e10a5d4bb2a927d1bdcf21a41d30971a9301a82e08656c0419ef45e3f92de7a7,7424eea357d98b54c4652062440a1d287d509f1b7250f7eabbcc5185cde923b5,37f0f75e71de97e0b045d53af23b181e034e6c3262a1a4079d582f37471bb1b8,373bc096448cdc507d5c00c27fc9560494f830151f5b976fd48b7ebb576c2024,cc4d532031d8b49a2bf7090f5ab4c8693f9b28e9449ac04ec1b81bdaf48362b1
19,3.462379848002456,3.569366912008263,0.12312410504091531,233908488,e10a5d4bb2a927d1bdcf21a41d30971a9301a82e08656c0419ef45e3f92de7a7,7424eea357d98b54c4652062440a1d287d509f1b7250f7eabbcc5185cde923b5,37f0f75e71de97e0b045d53af23b181e034e6c3262a1a4079d582f37471bb1b8,373bc096448cdc507d5c00c27fc9560494f830151f5b976fd48b7ebb576c2024,cc4d532031d8b49a2bf7090f5ab4c8693f9b28e9449ac04ec1b81bdaf48362b1
20,3.578282425994985,3.5708716299850494,0.12409970990847796,233908488,e10a5d4bb2a927d1bdcf21a41d30971a9301a82e08656c0419ef45e3f92de7a7,7424eea357d98b54c4652062440a1d287d509f1b7250f7eabbcc5185cde923b5,37f0f75e71de97e0b045d53af23b181e034e6c3262a1a4079d582f37471bb1b8,373bc096448cdc507d5c00c27fc9560494f830151f5b976fd48b7ebb576c2024,cc4d532031d8b49a2bf7090f5ab4c8693f9b28e9449ac04ec1b81bdaf48362b1
21,3.4538212900515646,3.6104740239679813,0.12330687791109085,233908488,e10a5d4bb2a927d1bdcf21a41d30971a9301a82e08656c0419ef45e3f92de7a7,7424eea357d98b54c4652062440a1d287d509f1b7250f7eabbcc5185cde923b5,37f0f75e71de97e0b045d53af23b181e034e6c3262a1a4079d582f37471bb1b8,373bc096448cdc507d5c00c27fc9560494f830151f5b976fd48b7ebb576c2024,cc4d532031d8b49a2bf7090f5ab4c8693f9b28e9449ac04ec1b81bdaf48362b1
22,3.4288126670289785,3.5615409140009433,0.12367207498755306,233908488,e10a5d4bb2a927d1bdcf21a41d30971a9301a82e08656c0419ef45e3f92de7a7,7424eea357d98b54c4652062440a1d287d509f1b7250f7eabbcc5185cde923b5,37f0f75e71de97e0b045d53af23b181e034e6c3262a1a4079d582f37471bb1b8,373bc096448cdc507d5c00c27fc9560494f830151f5b976fd48b7ebb576c2024,cc4d532031d8b49a2bf7090f5ab4c8693f9b28e9449ac04ec1b81bdaf48362b1
23,3.477316116914153,3.5826507520396262,0.1238891389220953,233908488,e10a5d4bb2a927d1bdcf21a41d30971a9301a82e08656c0419ef45e3f92de7a7,7424eea357d98b54c4652062440a1d287d509f1b7250f7eabbcc5185cde923b5,37f0f75e71de97e0b045d53af23b181e034e6c3262a1a4079d582f37471bb1b8,373bc096448cdc507d5c00c27fc9560494f830151f5b976fd48b7ebb576c2024,cc4d532031d8b49a2bf7090f5ab4c8693f9b28e9449ac04ec1b81bdaf48362b1
24,3.492947231978178,3.555239607929252,0.12289809994399548,233908488,e10a5d4bb2a927d1bdcf21a41d30971a9301a82e08656c0419ef45e3f92de7a7,7424eea357d98b54c4652062440a1d287d509f1b7250f7eabbcc5185cde923b5,37f0f75e71de97e0b045d53af23b181e034e6c3262a1a4079d582f37471bb1b8,373bc096448cdc507d5c00c27fc9560494f830151f5b976fd48b7ebb576c2024,cc4d532031d8b49a2bf7090f5ab4c8693f9b28e9449ac04ec1b81bdaf48362b1
25,3.5549718379043043,3.5779901419300586,0.12358344707172364,233908488,e10a5d4bb2a927d1bdcf21a41d30971a9301a82e08656c0419ef45e3f92de7a7,7424eea357d98b54c4652062440a1d287d509f1b7250f7eabbcc5185cde923b5,37f0f75e71de97e0b045d53af23b181e034e6c3262a1a4079d582f37471bb1b8,373bc096448cdc507d5c00c27fc9560494f830151f5b976fd48b7ebb576c2024,cc4d532031d8b49a2bf7090f5ab4c8693f9b28e9449ac04ec1b81bdaf48362b1
26,3.468895356054418,3.565599007997662,0.12370699504390359,233908488,e10a5d4bb2a927d1bdcf21a41d30971a9301a82e08656c0419ef45e3f92de7a7,7424eea357d98b54c4652062440a1d287d509f1b7250f7eabbcc5185cde923b5,37f0f75e71de97e0b045d53af23b181e034e6c3262a1a4079d582f37471bb1b8,373bc096448cdc507d5c00c27fc9560494f830151f5b976fd48b7ebb576c2024,cc4d532031d8b49a2bf7090f5ab4c8693f9b28e9449ac04ec1b81bdaf48362b1
27,3.549121911986731,3.611815384007059,0.12338132795412093,233908488,e10a5d4bb2a927d1bdcf21a41d30971a9301a82e08656c0419ef45e3f92de7a7,7424eea357d98b54c4652062440a1d287d509f1b7250f7eabbcc5185cde923b5,37f0f75e71de97e0b045d53af23b181e034e6c3262a1a4079d582f37471bb1b8,373bc096448cdc507d5c00c27fc9560494f830151f5b976fd48b7ebb576c2024,cc4d532031d8b49a2bf7090f5ab4c8693f9b28e9449ac04ec1b81bdaf48362b1
28,3.531553347944282,3.5652016840176657,0.12290452502202243,233908488,e10a5d4bb2a927d1bdcf21a41d30971a9301a82e08656c0419ef45e3f92de7a7,7424eea357d98b54c4652062440a1d287d509f1b7250f7eabbcc5185cde923b5,37f0f75e71de97e0b045d53af23b181e034e6c3262a1a4079d582f37471bb1b8,373bc096448cdc507d5c00c27fc9560494f830151f5b976fd48b7ebb576c2024,cc4d532031d8b49a2bf7090f5ab4c8693f9b28e9449ac04ec1b81bdaf48362b1
29,3.471263512969017,3.6109203059459105,0.12356298393569887,233908488,e10a5d4bb2a927d1bdcf21a41d30971a9301a82e08656c0419ef45e3f92de7a7,7424eea357d98b54c4652062440a1d287d509f1b7250f7eabbcc5185cde923b5,37f0f75e71de97e0b045d53af23b181e034e6c3262a1a4079d582f37471bb1b8,373bc096448cdc507d5c00c27fc9560494f830151f5b976fd48b7ebb576c2024,cc4d532031d8b49a2bf7090f5ab4c8693f9b28e9449ac04ec1b81bdaf48362b1
